Workbook

Sheet Overview
A1: ShopScope — React Developer Workshop
A2: Four days, one application. Days 1 to 3 are fixed. Day 4 branches: the client chooses the Zustand track or the Redux track.
A4: The four days
A5: Day | B5: Mins | C5: Sheet | D5: Theme
A6: Day 1 | B6: ='Day 1'!H12 | C6: Day 1 | D6: Foundations and the component model — components, JSX, props, lists and keys, state, events, and a reusable validated form library.
A7: Day 2 | B7: ='Day 2'!H12 | C7: Day 2 | D7: The network and the API layer — effects, the three request states, cancellation, environment config, interceptors, one error type, filters, pagination and mutations.
A8: Day 3 | B8: ='Day 3'!H13 | C8: Day 3 | D8: Routing, route data and shared state — React Router v8 Data Mode, loaders and actions, authentication with a refresh queue, then Context and reducers.
A9: Day 4 — Track A | B9: ='Day 4 - Track A (Zustand)'!H13 | C9: Day 4 - Track A (Zustand) | D9: Zustand: the state landscape, the store, then advanced slices, middleware, async in the store, optimistic edits and persistence.
A10: Day 4 — Track B | B10: ='Day 4 - Track B (Redux)'!H13 | C10: Day 4 - Track B (Redux) | D10: Redux Toolkit: the typed store, createSlice, createAsyncThunk, the entity adapter, listener middleware and RTK Query.
A12: Choosing the Day 4 track
A13: Track A — Zustand | B13: Demos 13, 14, 24a | C13: 340 mins | D13: Choose for a Zustand codebase, or a smaller team wanting the least ceremony. Demo 13 opens with library-agnostic state theory and a comparison of every option, so the day stands on its own.
A14: Track B — Redux | B14: Demos 14, 24b | C14: 280 mins | D14: Choose for a Redux codebase, or a large team that wants enforced conventions and deep time-travel debugging. Assumes no prior Redux.
A15: Follow-up (optional) | B15: Demo 24c | C15: 195 mins | D15: Redux-Observable, RxJS and a WebSocket stream. Extends Track B. Will not fit inside Day 4 — run it as a separate half-day.
A17: Assumptions behind the clock times
A18: Day starts | B18: 09:00 | D18: Each day begins at 09:00. Times in the day sheets are computed from that start plus the durations shown.
A19: Breaks | B19: 15 mins | C19: x2 | D19: One mid-morning and one mid-afternoon break, 15 minutes each.
A20: Lunch | B20: 60 mins | D20: Taken after the second session.
A21: Durations | B21: From the guides | D21: Every duration is the figure printed in that demo guide, which covers the cold open, the labs and the wrap-up. The per-lab minutes in the Labs column come from the lab headings themselves.
A22: Format | B22: Live-build | D22: Each demo is a guided build. Participants type the code; the starter carries numbered TODO markers the trainer walks through in order.
A23: Environment | B23: Browser or local | D23: Every demo opens in StackBlitz with one click, or runs locally on Node 22.22 or newer. The backend is DummyJSON: no key, no signup. Reads are real; writes are simulated.
A25: Please read before scheduling
A26: Day 3 runs long | B26: 460 mins | C26: Action needed | D26: Day 3 is 40 minutes over a 420-minute content day and ends at 18:10. The recommended trim is to demonstrate Demo 12 Lab 4 rather than have the room type it: it is a measurement exercise, and skipping the typing saves 30 minutes. See the Timing and fit sheet.
A27: Track B inherits Zustand | B27: Demo 13 | C27: By design | D27: Track B does not teach Demo 13, but Demo 14 starts from the finished Demo 13 code, so a Zustand cart and wishlist are already present. The Redux guide uses that deliberately, to make the point that two state libraries can coexist during a migration.
A28: Demo 24c will not fit | B28: 195 mins | C28: Half-day | D28: Adding it to Track B makes Day 4 a 475-minute day. Schedule it separately.

Sheet All days (one page)
A1: ShopScope — React Developer Workshop · four days at a glance
A2: Days 1 to 3 are fixed. Day 4 branches: run Track A or Track B, never both. Minutes are the figure printed in each demo guide, covering the cold open, the labs and the wrap-up.
A4: Session | B4: Start | C4: End | D4: Demo | E4: Session title | F4: Topics covered | G4: Labs covered | H4: Mins
A5: DAY 1 — Foundations and the component model [FIXED]
A6: S1 | B6: 09:00 | C6: 10:30 | D6: Demo 1 | E6: Components, JSX and Props | F6: What a component is; JSX and the four ways it is not HTML; one-way props and defaults; composition over configuration; derived, not stored | G6: L1 Your first component (20); L2 Props and composition (25); L3 Composing a card (20); L4 Reading the tree in DevTools (10) | H6: 90
A7: S2 | B7: 10:45 | C7: 12:15 | D7: Demo 2 | E7: Lists, Keys and State | F7: Why key exists and what breaks without it; useState per instance across 24 cards; four ways to render conditionally; derived state; controlled components | G7: L1 Rendering lists (20); L2 State per instance, and the key bug (25); L3 Lifting state up (30); L4 Seeing state in DevTools (10) | H7: 90
A8: S3 | B8: 13:15 | C8: 14:55 | D8: Demo 3 | E8: Events, Forms and Lifting State | F8: Controlled inputs; why sort() is a bug and the spread form is not; immutable updates; where shared state must live; a form as one object, validated as derived | G8: L1 Controlled inputs and the mutation bug (25); L2 Lifting the wishlist (20); L3 Forms (30); L4 Delete with confirmation (15) | H8: 100
A9: S4 | B9: 15:10 | C9: 17:10 | D9: Demo 4 | E9: Forms: reusable fields, validation, react-hook-form | F9: A field component owns no state; onChange reports a value; the three questions of validation; errors are derived; register vs Controller; what zod adds | G9: L1 Build TextField from scratch (25); L2 Manual validation, done properly (30); L3 The field library, and react-hook-form (35); L4 Swap the rules for a zod schema (20) | H9: 120
E10: Day 1 content total | H10: =SUM(H6,H7,H8,H9)
A11: DAY 2 — The network and the API layer [FIXED]
A12: S1 | B12: 09:00 | C12: 10:40 | D12: Demo 5 | E12: Effects and the Network | F12: What useEffect is for and its one forbidden use; the three states of every request; the three shapes of an axios error; StrictMode; the race, ended by AbortController | G12: L1 Your first request (20); L2 The three states (25); L3 What an error actually is (20); L4 Cancellation, StrictMode, and the race (25) | H12: 100
A13: S2 | B13: 10:55 | C13: 12:45 | D13: Demo 6 | E13: Configuration and the API Layer | F13: Which .env Vite loads and what VITE_ protects you from; axios instances, never the global; endpoints as functions; a service layer; interceptors, whose order is load-bearing | G13: L1 Environment profiles (25); L2 The HTTP client and the endpoint registry (20); L3 The service layer (20); L4 One error, and the interceptors that make it (35) | H13: 110
A14: S3 | B14: 13:45 | C14: 15:35 | D14: Demo 7 | E14: Search, Filters and Pagination | F14: Params, never template literals; debouncing as an effect cleanup, complementing cancellation; two requests with two lifetimes; paging; fetch on select | G14: L1 Query params and debouncing (30); L2 Two requests, two lifetimes (20); L3 Pagination (25); L4 Fetch on select: the detail drawer (25) | H14: 110
A15: S4 | B15: 15:50 | C15: 17:40 | D15: Demo 8 | E15: Mutations and Custom Hooks | F15: Which verb for which job and why PATCH beats PUT; five rules for a real form; use the server response; cancel reads, never writes; extracting a custom hook | G15: L1 Sending data (15); L2 Mutations in React (35); L3 Delete, for real (15); L4 Custom hooks (35) | H15: 110
E16: Day 2 content total | H16: =SUM(H12,H13,H14,H15)
A17: DAY 3 — Routing, route data and shared state [FIXED · runs long, see Timing and fit]
A18: S1 | B18: 09:00 | C18: 10:50 | D18: Demo 9 | E18: Routing with React Router v8 | F18: What v8 changed; the three modes and why a Vite SPA wants Data Mode; nested routes and Outlet; dynamic segments; the URL as state, and the two useSearchParams traps | G18: L1 Your first router (25); L2 Layouts, links, and shared state (25); L3 Dynamic segments: a real product page (25); L4 The URL is state (35) | H18: 110
A19: S2 | B19: 11:05 | C19: 13:05 | D19: Demo 10 | E19: Loaders, Actions and Error Boundaries | F19: Data before render and why request.signal matters; why nested loaders do not waterfall; pending UI; Form plus action replacing four pieces of state; return vs throw; fetchers; boundaries | G19: L1 Loaders: data before render (35); L2 Pending UI (15); L3 Actions and Form (35); L4 Fetchers (15); L5 Route error boundaries (20) | H19: 120
A20: S3 | B20: 14:05 | C20: 16:05 | D20: Demo 11 | E20: Authentication and Protected Routes | F20: Access and refresh tokens; localStorage vs httpOnly, honestly; the three bugs in a naive 401 handler; interceptor order; three ways to protect a route; open redirects; roles | G20: L1 Tokens and the auth service (20); L2 The auth interceptor and the refresh queue (30); L3 The login route (25); L4 Protected routes: three ways (25); L5 Roles (20) | H20: 120
A21: S4 | B21: 16:20 | C21: 18:10 | D21: Demo 12 | E21: Context and Reducers | F21: useReducer as a state machine; a discriminated union against three booleans; createContext done properly; three things called context; the two-context split; the re-render bill | G21: L1 From three flags to one reducer (25); L2 React Context, properly (25); L3 Reducer and Context: one toast system (30); L4 The wishlist in Context, and the bill (30) | H21: 110
E22: Day 3 content total | H22: =SUM(H18,H19,H20,H21)
A23: DAY 4 — TRACK A (Zustand) [CHOOSE THIS OR TRACK B]
A24: S1 | B24: 09:00 | C24: 10:30 | D24: Demo 13 | E24: Client State with Zustand | F24: Groundwork: what application state is, six kinds, and why server state is not client state. The landscape: four paradigms and which combinations work. Then the store, selectors and persist | G24: L1 The first store: the wishlist (20); L2 The cart: actions, derived values, a drawer (25); L3 Persist (15); L4 The store outside React: checkout (25) | H24: 90
A25: S2 | B25: 10:45 | C25: 12:25 | D25: Demo 14 | E25: Advanced HTTP and Shipping | F25: Optimistic UI, and why a fetcher needs none of the four manual steps; upload progress; which failures are safe to retry; lazy routes; the SPA fallback | G25: L1 Optimistic UI, the fetcher way (20); L2 Upload with progress (25); L3 Retries, only where safe (15); L4 Lazy routes (15); L5 Shipping a routed app (15) | H25: 100
A26: S3 | B26: 13:25 | C26: 14:45 | D26: Demo 24a (1) | E26: Slices, middleware, and async in the store | F26: Typed slices; the middleware stack one layer at a time, each when its problem appears; a status machine; why cancelling is not enough to stop a stale write; immer and selector discipline | G26: L1 Slices, and one store with no middleware (10); L2 devtools, then async: status machine, cancellation, the race (35); L3 Normalised entities, immer, selectors (35) | H26: 80
A27: S4 | B27: 15:00 | C27: 16:10 | D27: Demo 24a (2) | E27: Optimistic edits, bulk operations, persistence | F27: Snapshot, optimistic write, request, rollback — in that order; per-row state; limited concurrency with honest partial failure and undo; persist, migration, and a reset registry | G27: L4 Optimistic inline edit, and rollback (25); L5 Bulk restock: concurrency, partial failure, undo (20); L6 subscribeWithSelector, persist, migration, cross-slice reset (25) | H27: 70
E28: Day 4, TRACK A (Zustand) content total | H28: =SUM(H24,H25,H26,H27)
A29: DAY 4 — TRACK B (Redux Toolkit) [CHOOSE THIS OR TRACK A]
A30: S1 | B30: 09:00 | C30: 10:40 | D30: Demo 14 | E30: Advanced HTTP and Shipping | F30: Optimistic UI, and why a fetcher needs none of the four manual steps; upload progress; which failures are safe to retry; lazy routes; the SPA fallback | G30: L1 Optimistic UI, the fetcher way (20); L2 Upload with progress (25); L3 Retries, only where safe (15); L4 Lazy routes (15); L5 Shipping a routed app (15) | H30: 100
A31: S2 | B31: 10:55 | C31: 12:15 | D31: Demo 24b (1) | E31: The typed store, and async that lives in it | F31: configureStore and typed hooks; createSlice, and why state.q = value is not a mutation; createAsyncThunk in full — rejectWithValue, condition, signal; the entity adapter | G31: L1 The store, typed, and your first slice (20); L2 createAsyncThunk (25); L3 createEntityAdapter and selectors that do not lie (30) | H31: 80
A32: S3 | B32: 13:15 | C32: 14:10 | D32: Demo 24b (2) | E32: Optimistic edits, and where side effects live | F32: An optimistic write with a rollback that works; memoised selectors and why an inline filtering useSelector re-renders for ever; listener middleware as the modern replacement for sagas | G32: L4 Optimistic inline edit, with a rollback that works (25); L5 createListenerMiddleware (30) | H32: 55
A33: S4 | B33: 14:25 | C33: 15:10 | D33: Demo 24b (3) | E33: RTK Query, the safety nets and tests | F33: RTK Query on a custom axios baseQuery over the API layer you already built; tags and invalidation; what the serializability check catches; DevTools; tests; Redux or Zustand | G33: L6 RTK Query, on the axios client you already have (30); L7 DevTools, the safety nets, and tests (15) | H33: 45
E34: Day 4, TRACK B (Redux Toolkit) content total | H34: =SUM(H30,H31,H32,H33)
A35: FOLLOW-UP HALF-DAY (optional, Track B only) [DOES NOT FIT INSIDE DAY 4]
A36: F1 | B36: 09:00 | C36: 12:15 | D36: Demo 24c | E36: Redux-Observable, RxJS and a WebSocket stream | F36: Effects as streams; why from(promise) cancels nothing; choosing between switchMap, mergeMap, concatMap and exhaustMap; a WebSocketSubject with reconnection; marble tests; and when RTK Query beats epics | G36: L1 The epic middleware (25); L2 The load, as a stream (40); L3 The per-row write (20); L4 Bulk, undo, persistence, and the accounting (35); L5 A WebSocket as an Observable (35); L6 Reconnection, multiplexing, pause (30); L7 Marble testing (25) | H36: 195
E37: Follow-up half-day content total | H37: =SUM(H36)
E39: Days 1 to 3, plus Track A | H39: =SUM(H10,H16,H22)+H28
E40: Days 1 to 3, plus Track B | H40: =SUM(H10,H16,H22)+H34
A42: Breaks are not shown here so the week fits one page: each day takes two 15-minute breaks and a 60-minute lunch, and the start and end times above already allow for them. Day 3 ends at 18:10; the recommended trim is on the Timing and fit sheet. Track B does not teach Demo 13, but Demo 14 starts from the finished Demo 13 code, so a Zustand cart and wishlist are already present — the Redux guide uses that deliberately.

Sheet Day 1
A1: Day 1 — Foundations and the component model
A2: From what a component is to a validated, reusable form library. No network yet — the data is a local fixture shaped exactly like the API that arrives on Day 2.
A4: Session | B4: Start | C4: End | D4: Session title | E4: Demo | F4: Topics covered | G4: Labs covered | H4: Mins | I4: Notes
A5: S1 | B5: 09:00 | C5: 10:30 | D5: Components, JSX and Props | E5: Demo 1 | F5: What a component is, and why the capital letter is not a style choice. What JSX compiles to, and the four ways it is not HTML. How props flow, why the flow is one-way, and how to give them defaults. Composition over configuration as the design rule. Why a discount percentage is derived, never stored. | G5: Lab 1 Your first component (20) Lab 2 Props and composition (25) Lab 3 Composing a card (20) Lab 4 Reading the tree in DevTools (10) | H5: 90 | I5: Also sets up the @ import alias used by every later sample.
A6: Break | B6: 10:30 | C6: 10:45 | H6: 15
A7: S2 | B7: 10:45 | C7: 12:15 | D7: Lists, Keys and State | E7: Demo 2 | F7: Why key exists, what React uses it for, and exactly what breaks without it. What useState does when one component renders 24 times. The four ways to render conditionally and when each is right. Derived state, and why you never store what you can compute. What a controlled component is. | G7: Lab 1 Rendering lists (20) Lab 2 State per instance, and the key bug (25) Lab 3 Lifting state up (30) Lab 4 Seeing state in DevTools (10) | H7: 90 | I7: The index-key bug is reproduced on demand, not described.
A8: Lunch | B8: 12:15 | C8: 13:15 | H8: 60
A9: S3 | B9: 13:15 | C9: 14:55 | D9: Events, Forms and Lifting State | E9: Demo 3 | F9: Controlled inputs, and why value and onChange always travel together. Why array.sort() is a bug and the spread form is not. Immutable updates in practice. Where shared state must live to survive a filter. Holding a form in one state object and validating it as a derived value. | G9: Lab 1 Controlled inputs and the mutation bug (25) Lab 2 Lifting the wishlist (20) Lab 3 Forms (30) Lab 4 Delete with confirmation and feedback (15) | H9: 100
A10: Break | B10: 14:55 | C10: 15:10 | H10: 15
A11: S4 | B11: 15:10 | C11: 17:10 | D11: Forms: reusable fields, manual validation and react-hook-form | E11: Demo 4 | F11: Why a field component must own no state. Why onChange should report a value, not an event. The three questions of validation — the rules, when to run them, when to show them. Why errors are derived, never stored. Why register cannot drive these components and Controller can. What zod adds, shown as one concrete bug. | G11: Lab 1 Build TextField from scratch (25) Lab 2 Manual validation, done properly (30) Lab 3 The field library, and react-hook-form (35) Lab 4 Swap the rules for a zod schema (20) | H11: 120 | I11: Hand-rolled first, then the library over the same components.
C12: 17:10 | D12: Content total (excludes breaks) | G12: Ends at | H12: =SUM(H5,H7,H9,H11)

Sheet Day 2
A1: Day 2 — The network and the API layer
A2: The app starts talking to a real backend, then the ad-hoc fetching is refactored into a layered API module that every later demo builds on.
A4: Session | B4: Start | C4: End | D4: Session title | E4: Demo | F4: Topics covered | G4: Labs covered | H4: Mins | I4: Notes
A5: S1 | B5: 09:00 | C5: 10:40 | D5: Effects and the Network | E5: Demo 5 | F5: What useEffect is for, and the one thing it must never be used for. The axios response envelope. The three states of every request, and why skipping one is a production bug. The three shapes an axios error can take. Why StrictMode fires effects twice and why you must not fix it. What a race condition looks like, and how AbortController ends it. | G5: Lab 1 Your first request (20) Lab 2 The three states (25) Lab 3 What an error actually is (20) Lab 4 Cancellation, StrictMode, and the race you cannot see (25) | H5: 100 | I5: First contact with the live API.
A6: Break | B6: 10:40 | C6: 10:55 | H6: 15
A7: S2 | B7: 10:55 | C7: 12:45 | D7: Configuration and the API Layer | E7: Demo 6 | F7: Which .env file Vite loads when, and what the VITE_ prefix protects you from. Why a string "false" is truthy, and where to fix that once. What an axios instance is and why you never configure the global. Why endpoints are functions, not constants. What a service layer returning domain data rules out. What an interceptor is, and why their order is load-bearing. | G7: Lab 1 Environment profiles (25) Lab 2 The HTTP client and the endpoint registry (20) Lab 3 The service layer (20) Lab 4 One error, and the interceptors that make it (35) | H7: 110 | I7: Produces the one ApiError type the rest of the course relies on.
A8: Lunch | B8: 12:45 | C8: 13:45 | H8: 60
A9: S3 | B9: 13:45 | C9: 15:35 | D9: Search, Filters and Pagination | E9: Demo 7 | F9: Why you never build a query string with template literals, and what axios does with undefined params. What debouncing is, why it belongs in an effect cleanup, and why it complements cancellation rather than replacing it. When two requests share an effect and when they need their own. Why resetting to page one is a rule that needs no effect. | G9: Lab 1 Query params and debouncing (30) Lab 2 Two requests, two lifetimes (20) Lab 3 Pagination (25) Lab 4 Fetch on select: the detail drawer (25) | H9: 110
A10: Break | B10: 15:35 | C10: 15:50 | H10: 15
A11: S4 | B11: 15:50 | C11: 17:40 | D11: Mutations and Custom Hooks | E11: Demo 8 | F11: Which HTTP verb for which job, and why PATCH beats PUT for an edit form. The five rules that separate a real form from a demo. Why you use the server's response rather than echoing your payload. Why you must not cancel a mutation on unmount. Resetting form state with a key instead of an effect. Extracting a custom hook, and the discipline it demands. | G11: Lab 1 Sending data (15) Lab 2 Mutations in React (35) Lab 3 Delete, for real (15) Lab 4 Custom hooks (35) | H11: 110 | I11: Writes are simulated by the API: responses are real, persistence is not.
C12: 17:40 | D12: Content total (excludes breaks) | G12: Ends at | H12: =SUM(H5,H7,H9,H11)

Sheet Day 3
A1: Day 3 — Routing, route data and shared state
A2: The single screen becomes a routed application with data loaded per route, real authentication, and the first serious answer to sharing state across the tree.
A3: Longest day: 460 minutes of content, ending 18:10. Recommended trim — demonstrate Demo 12 Lab 4 instead of typing it, which saves 30 minutes and ends the day at 17:40.
A5: Session | B5: Start | C5: End | D5: Session title | E5: Demo | F5: Topics covered | G5: Labs covered | H5: Mins | I5: Notes
A6: S1 | B6: 09:00 | C6: 10:50 | D6: Routing with React Router v8 | E6: Demo 9 | F6: What changed in v8, and why react-router-dom no longer exists. The three modes, and why a Vite SPA with its own backend wants Data Mode. Nested routes and Outlet. Why a Bootstrap Nav.Link needs as={NavLink}. Why URL params are always strings. Why filters belong in the URL, the two useSearchParams traps, and when to replace. | G6: Lab 1 Your first router (25) Lab 2 Layouts, links, and shared state (25) Lab 3 Dynamic segments: a real product page (25) Lab 4 The URL is state (35) | H6: 110
A7: Break | B7: 10:50 | C7: 11:05 | H7: 15
A8: S2 | B8: 11:05 | C8: 13:05 | D8: Loaders, Actions and Error Boundaries | E8: Demo 10 | F8: What a loader receives, and why request.signal matters. Why nested loaders do not waterfall, and what that means for effect-based fetching. What useNavigation reports. How Form plus action replaces four pieces of hand-written state. Return versus throw in an action. When a fetcher beats a Form. What useRouteError gives you, and where boundaries belong. | G8: Lab 1 Loaders: data before render (35) Lab 2 Pending UI (15) Lab 3 Actions and Form (35) Lab 4 Fetchers (15) Lab 5 Route error boundaries (20) | H8: 120
A9: Lunch | B9: 13:05 | C9: 14:05 | H9: 60
A10: S3 | B10: 14:05 | C10: 16:05 | D10: Authentication and Protected Routes | E10: Demo 11 | F10: What access and refresh tokens each do. The honest trade-offs of localStorage against an httpOnly cookie. Why the token is attached by an interceptor. The three bugs in the naive 401 handler and the three lines that fix them. Why the refresh interceptor must run before the error normaliser. Three ways to protect a route, and why middleware is the v8 answer. Open redirects. Why hiding a button is UX and middleware is a lock. | G10: Lab 1 Tokens and the auth service (20) Lab 2 The auth interceptor and the refresh queue (30) Lab 3 The login route (25) Lab 4 Protected routes: three ways (25) Lab 5 Roles: what you may do (20) | H10: 120 | I10: Two real accounts: an admin and a regular user.
A11: Break | B11: 16:05 | C11: 16:20 | H11: 15
A12: S4 | B12: 16:20 | C12: 18:10 | D12: Context and Reducers | E12: Demo 12 | F12: When useReducer beats useState, and what a reducer as a state machine means in code. Why a reducer must be pure, and where the impure parts go. What a discriminated union buys over three booleans. What createContext's default value is for, and why the hook throws. React's createContext against the router's two other context mechanisms. Why a provider splits into two contexts. What re-renders on a context change, and what useMemo does and does not fix. | G12: Lab 1 From three flags to one reducer (25) Lab 2 React Context, properly (25) Lab 3 Reducer and Context: one toast system (30) Lab 4 The wishlist in Context, and the bill (30) | H12: 110 | I12: The longest day. Demonstrating Lab 4 rather than typing it saves 30 minutes and is the recommended trim.
C13: 18:10 | D13: Content total (excludes breaks) | G13: Ends at | H13: =SUM(H6,H8,H10,H12)

Sheet Day 4 - Track A (Zustand)
A1: Day 4 - Track A (Zustand) — State management with Zustand
A2: Choose this track for a Zustand codebase. Demo 13 opens with the library-agnostic state theory, so the day stands on its own.
A3: Track A. Teach this OR Track B, not both.
A5: Session | B5: Start | C5: End | D5: Session title | E5: Demo | F5: Topics covered | G5: Labs covered | H5: Mins | I5: Notes
A6: S1 | B6: 09:00 | C6: 10:30 | D6: Client State with Zustand | E6: Demo 13 | F6: Groundwork first: what application state is, the six kinds and how to tell them apart, single source of truth, and why server state is not client state. Then the landscape: the four paradigms, the async middleware options, and which combinations work. Then the library: a store as a hook, selectors against Context, derived values as selectors, useShallow, persist and partialize, and reading the store outside React. | G6: Lab 1 The first store: the wishlist (20) Lab 2 The cart: actions, derived values, a drawer (25) Lab 3 Persist: what survives a reload (15) Lab 4 The store outside React: checkout (25) | H6: 90 | I6: The Groundwork and Landscape sections are library-agnostic and worth keeping even on the Redux track.
A7: Break | B7: 10:30 | C7: 10:45 | H7: 15
A8: S2 | B8: 10:45 | C8: 12:25 | D8: Advanced HTTP and Shipping | E8: Demo 14 | F8: The four steps of a manual optimistic update, and why a fetcher needs none of them. Why you must not set Content-Type on an upload, and what 100 per cent actually means. Which failures are safe to retry, and why a POST never is. What can and cannot be lazy in a route, and why middleware stays eager. What a SPA fallback is, and why development never shows you the bug. | G8: Lab 1 Optimistic UI, the fetcher way (20) Lab 2 Upload with progress (25) Lab 3 Retries, only where they are safe (15) Lab 4 Lazy routes (15) Lab 5 Shipping a routed app (15) | H8: 100 | I8: Closes the core application. Ships the finished SPA.
A9: Lunch | B9: 12:25 | C9: 13:25 | H9: 60
A10: S3 | B10: 13:25 | C10: 14:45 | D10: Slices, the middleware stack, and async in the store | E10: Demo 24a (part 1) | F10: One store split into typed slices, and when a second store is better. The middleware stack introduced one layer at a time, each when its problem appears, with the mutator tuple growing alongside it. A status machine that cannot contradict itself. Why get() before an await is a photograph. Why cancelling a request is not enough to prevent a stale write. Normalisation, immer, and selector discipline. | G10: Lab 1 Slices, and one store with no middleware at all (10) Lab 2 devtools, then async in the store: a status machine, cancellation, and the race (35) Lab 3 Normalised entities, immer, and selector discipline (35) | H10: 80 | I10: Builds an admin Inventory Console against the live API.
A11: Break | B11: 14:45 | C11: 15:00 | H11: 15
A12: S4 | B12: 15:00 | C12: 16:10 | D12: Optimistic edits, bulk operations and persistence | E12: Demo 24a (part 2) | F12: The exact order of snapshot, optimistic write, request, rollback. Per-row pending and error state rather than one global flag. Limited concurrency, honest partial failure, and undo from a snapshot. subscribeWithSelector and transient subscriptions. persist in depth: partialize, version, migrate and the hydration trap. A reset registry, and what setState with replace deletes. Where client state ends and server state begins. | G12: Lab 4 Optimistic inline edit, and rollback (25) Lab 5 Bulk restock: limited concurrency, partial failure, undo (20) Lab 6 subscribeWithSelector, persist, migration, and the cross-slice reset (25) | H12: 70 | I12: Closes on the limits: no cache, no dedupe, no invalidation.
C13: 16:10 | D13: Content total (excludes breaks) | G13: Ends at | H13: =SUM(H6,H8,H10,H12)

Sheet Day 4 - Track B (Redux)
A1: Day 4 - Track B (Redux) — State management with Redux Toolkit
A2: Choose this track for a Redux codebase. Assumes no prior Redux. Demo 13 is not taught, but its two stores are already present in Demo 14's starter and the guide uses that fact.
A3: Track B. Teach this OR Track A, not both. Demo 13 is not taught here, but its two stores are already present in Demo 14 starter — the Redux guide uses that fact.
A5: Session | B5: Start | C5: End | D5: Session title | E5: Demo | F5: Topics covered | G5: Labs covered | H5: Mins | I5: Notes
A6: S1 | B6: 09:00 | C6: 10:40 | D6: Advanced HTTP and Shipping | E6: Demo 14 | F6: The four steps of a manual optimistic update, and why a fetcher needs none of them. Why you must not set Content-Type on an upload, and what 100 per cent actually means. Which failures are safe to retry, and why a POST never is. What can and cannot be lazy in a route, and why middleware stays eager. What a SPA fallback is, and why development never shows you the bug. | G6: Lab 1 Optimistic UI, the fetcher way (20) Lab 2 Upload with progress (25) Lab 3 Retries, only where they are safe (15) Lab 4 Lazy routes (15) Lab 5 Shipping a routed app (15) | H6: 100 | I6: Closes the core application. Ships the finished SPA.
A7: Break | B7: 10:40 | C7: 10:55 | H7: 15
A8: S2 | B8: 10:55 | C8: 12:15 | D8: The store, typed, and async that lives in it | E8: Demo 24b (part 1) | F8: configureStore, RootState and AppDispatch, and typed hooks. createSlice, and why state.q = value is not a mutation. createAsyncThunk in full: the three lifecycle actions, rejectWithValue carrying the ApiError, condition to deduplicate an in-flight request, signal to abort, and the extra argument wired to the existing services. createEntityAdapter, and why ids plus entities re-renders one row instead of twelve. | G8: Lab 1 The store, typed, and your first slice (20) Lab 2 createAsyncThunk: async that lives in the store (25) Lab 3 createEntityAdapter and selectors that do not lie (30) | H8: 80 | I8: Builds the same Inventory Console as Track A, for a like-for-like comparison. Includes the demo cold open.
A9: Lunch | B9: 12:15 | C9: 13:15 | H9: 60
A10: S3 | B10: 13:15 | C10: 14:10 | D10: Optimistic edits and where side effects live | E10: Demo 24b (part 2) | F10: The optimistic write and a rollback that actually works, with per-row state. Memoised selectors, selector factories, and why an inline filtering useSelector re-renders for ever. createListenerMiddleware as the modern replacement for sagas: side effects that are neither a reducer nor a component, with takeLatest-style cancellation. | G10: Lab 4 Optimistic inline edit, with a rollback that works (25) Lab 5 createListenerMiddleware: where side effects live (30) | H10: 55
A11: Break | B11: 14:10 | C11: 14:25 | H11: 15
A12: S4 | B12: 14:25 | C12: 15:10 | D12: RTK Query, the safety nets and tests | E12: Demo 24b (part 3) | F12: RTK Query built on a custom axios baseQuery over the API layer from Demos 5 to 8, so the cache extends what you already have. Endpoints, generated hooks, tags and invalidation, and onQueryStarted for optimistic updates. What the serializability check catches and why ignoredPaths is usually the wrong fix. DevTools time travel. Testing reducers, thunks and selectors. Whether your next project should use Redux Toolkit or Zustand. | G12: Lab 6 RTK Query, on the axios client you already have (30) Lab 7 DevTools, the safety nets, and tests (15) | H12: 45 | I12: The thunk version costs 113 hand-written lines against 70 declared, and the 70 also carry a cache.
C13: 15:10 | D13: Content total (excludes breaks) | G13: Ends at | H13: =SUM(H6,H8,H10,H12)
A15: FOLLOW-UP HALF-DAY (optional) — does not fit inside Day 4
A16: Session | B16: Start | C16: End | D16: Session title | E16: Demo | F16: Topics covered | G16: Labs covered | H16: Mins | I16: Notes
A17: F1 | B17: 09:00 | C17: 12:15 | D17: Redux-Observable, RxJS and a WebSocket stream | E17: Demo 24c | F17: Effects as streams. The epic middleware, combineEpics and the typed Epic. Why from(promise) compiles, passes its tests and cancels nothing. Choosing between switchMap, mergeMap, concatMap and exhaustMap, and what each one breaks. Why takeUntil at the top level of an epic kills it for the lifetime of the store. retry with backoff. A WebSocketSubject, reconnection, multiplexing and pause. Marble testing with TestScheduler. And when epics are the wrong answer, because RTK Query beats them for plain data loading. | G17: Lab 1 The epic middleware, wired beside what you have (25) Lab 2 The load, as a stream (40) Lab 3 The per-row write, and choosing a flattening operator (20) Lab 4 Bulk, undo, persistence, and the accounting (35) Lab 5 A WebSocket as an Observable (35) Lab 6 Reconnection, back-pressure, multiplexing and pause (30) Lab 7 Marble testing with TestScheduler (25) | H17: 195 | I17: Does not fit inside Day 4. Run it as a follow-up half-day.
D18: Runs 09:00 to about 12:15 with one break, or an afternoon on the same shape. Its starter is the finished Demo 24b, so it must follow Track B.

Sheet Timing and fit
A1: Timing and fit
A2: The arithmetic behind the schedule, and the two places where the content does not fit a standard day. Every duration comes from the demo guide that teaches it.
A4: A standard content day
A5: Wall clock | B5: 09:00 to 17:00 | E5: Eight hours on site.
A6: Lunch | B6: 60 | E6: Taken after the second session.
A7: Breaks | B7: 30 | E7: Two of 15 minutes.
A8: Content available | B8: 420 | E8: Wall clock minus lunch and breaks. This is the number each day is measured against.
A10: Day | B10: Content mins | C10: Available | D10: Over / under | E10: Verdict and what to do about it
A11: Day 1 | B11: ='Day 1'!H12 | C11: 420 | D11: =B11-C11 | E11: Comfortable. Ends 17:10 including breaks.
A12: Day 2 | B12: ='Day 2'!H12 | C12: 420 | D12: =B12-C12 | E12: Ten minutes over. Absorbed by a shorter afternoon break; ends 17:40.
A13: Day 3 | B13: ='Day 3'!H13 | C13: 420 | D13: =B13-C13 | E13: Forty minutes over, ending 18:10. Recommended trim: demonstrate Demo 12 Lab 4 rather than typing it. It is a Profiler measurement exercise, so watching it costs nothing in understanding, and it saves 30 minutes.
A14: Day 4 — Track A | B14: ='Day 4 - Track A (Zustand)'!H13 | C14: 420 | D14: =B14-C14 | E14: Comfortable, ending 16:10. The spare 80 minutes is real slack: Demo 24a is the hardest material in the week.
A15: Day 4 — Track B | B15: ='Day 4 - Track B (Redux)'!H13 | C15: 420 | D15: =B15-C15 | E15: Ends 15:05 with 140 minutes spare. Expect to use it: this track teaches a library from zero to a room that has not seen it.
A17: Course totals
A18: Days 1 to 3 (fixed) | B18: =SUM(B11:B13) | E18: Demos 1 to 12. Identical on both tracks.
A19: Track A total | B19: =SUM(B11:B13)+B14 | E19: Demos 1 to 14 plus 24a.
A20: Track B total | B20: =SUM(B11:B13)+B15 | E20: Demos 1 to 12, then 14, then 24b. Demo 13 is inherited as code, not taught.
A21: Track B plus the follow-up | B21: =SUM(B11:B13)+B15+195 | E21: Adds Demo 24c as a separate half-day, not inside Day 4.
A23: What is not in this four-day scope
A24: Demos 15 to 23 | E24: Refs and accessibility, styling and theming, component patterns and portals, performance, TanStack Query and real-time, testing, React 19 and Server Components, production readiness, and the capstone. These form the second week of the full programme.
A25: Demo 13 on Track B | E25: Not taught, but present as code. If the client wants the state theory without Zustand, teach only the Groundwork and Landscape sections of Demo 13, which are library-agnostic and run about 30 minutes.
A26: Demo 24c on Track A | E26: Redux-Observable builds on the Redux store, so it cannot follow the Zustand track.
